{"links":{"l1":{"rate":0.691712,"buffer":34.496,"loss":0.0},"l2":{"rate":0.332288,"buffer":0.256,"loss":0.0},"l3":{"rate":0.685056,"buffer":2.304,"loss":0.0},"l4":{"rate":0.522752,"buffer":0.704,"loss":0.0},"l5":{"rate":0.314368,"buffer":0.192,"loss":0.0},"l6":{"rate":0.35584,"buffer":0.32,"loss":0.0},"l7":{"rate":0.331776,"buffer":14.336,"loss":0.0},"l8":{"rate":0.374272,"buffer":0.0,"loss":0.0},"l9":{"rate":0.859648,"buffer":17.152,"loss":0.0}},"flows":{"f1":{"rate":5771362.304,"size":27.18848483911416,"delay":424.8386768448254},"f2":{"rate":5502926.848,"size":25.105776580960235,"delay":310.2717557252181},"f3":{"rate":1.3153337344E7,"size":44.21988552351786,"delay":109.35165394419164}}}